-- Create the Students table
CREATE TABLE STUDENTS (
    STUDENT_ID INT PRIMARY KEY,
    NAME VARCHAR(20),
    DATEOFBIRTH DATETIME,
    COUNTRY VARCHAR(40),
    MG_BALANCE MONEY,
    GENDER VARCHAR(10)
);

-- Insert data into the Students table
INSERT INTO STUDENTS VALUES (1, 'Likky', '1998-06-20', 'INDIA', 10, 'FEMALE');
INSERT INTO STUDENTS VALUES (2, 'Sharu', '1999-05-02', 'USA', 20, 'FEMALE');
INSERT INTO STUDENTS VALUES (3, 'Yash', '1996-10-30', 'AFRICA', 30, 'MALE');
INSERT INTO STUDENTS VALUES (4, 'Viswa', '1994-04-07', 'EUROPE', 40, 'MALE');
INSERT INTO STUDENTS VALUES (7, 'Para', '1996-10-30', 'USA', 70, 'MALE');
INSERT INTO STUDENTS VALUES (8, 'Vivek', '1998-07-17', 'USA', 50, 'MALE');
INSERT INTO STUDENTS VALUES (9, 'Geet', '1997-09-03', 'INDIA', 60, 'MALE');

-- Create the University table
CREATE TABLE UNIVERSITY (
    UNIVERSITY_CODE INT PRIMARY KEY,
    RANKING INT,
    FEES MONEY,
    OFFERINGS VARCHAR(40),
    FACULTY VARCHAR(30),
    STUDENT_PAYMENT VARCHAR(10),
    LOCATION VARCHAR(20),
    STUDENT_ID INT FOREIGN KEY REFERENCES STUDENTS(STUDENT_ID)
);

-- Insert data into the University table
INSERT INTO UNIVERSITY VALUES (82, 1, 5000, 'CSE AND IT', 'FORD', 'ONLINE', 'AZ', 1);
INSERT INTO UNIVERSITY VALUES (83, 2, 6000, 'CSE', 'FORD', 'CASH', 'MS', 2);
INSERT INTO UNIVERSITY VALUES (84, 3, 7000, 'IT', 'LYOD', 'ONLINE', 'CA', 3);
INSERT INTO UNIVERSITY VALUES (85, 4, 8000, 'IT', 'BRIAN', 'FLYWIRE', 'NY', 4);
INSERT INTO UNIVERSITY VALUES (86, 5, 9000, 'CMT', 'NOAH', 'CASH', 'MO', 5);
INSERT INTO UNIVERSITY VALUES (87, 6, 10000, 'SE', 'TAYLOR', 'FLYWIRE', 'KS', 6);
INSERT INTO UNIVERSITY VALUES (88, 7, 11000, 'CSE', 'JOSE', 'ONLINE', 'AZ', 7);

-- Create the Profile table
CREATE TABLE ST_PROFILE (
    PROFILE_ID INT PRIMARY KEY,
    NAME VARCHAR(20),
    STUDENT_ID INT FOREIGN KEY REFERENCES STUDENTS(STUDENT_ID),
    WORK_EXPERIENCE INT,
    DEGREE VARCHAR(90),
    REGISTRATION_ID INT
);

-- Insert data into the Profile table
INSERT INTO ST_PROFILE VALUES (81, 'Likky', 1, 4, 'Bachelors', 50);
INSERT INTO ST_PROFILE VALUES (72, 'Sharu', 2, 8, 'Bachelors', 66);
INSERT INTO ST_PROFILE VALUES (36, 'Yash', 3, 0, 'Bachelors', 10);
INSERT INTO ST_PROFILE VALUES (40, 'Viswa', 4, 1, 'Masters', 21);
INSERT INTO ST_PROFILE VALUES (50, 'Geet', 5, 5, 'Masters', 31);
INSERT INTO ST_PROFILE VALUES (60, 'Vivek', 6, 7, 'Bachelors', 48);
INSERT INTO ST_PROFILE VALUES (80, 'Para', 7, 3, 'Masters', 75);

-- Create the Major table
CREATE TABLE MAJOR (
    MAJOR_NAME VARCHAR(20),
    STUDENT_ID INT FOREIGN KEY REFERENCES STUDENTS(STUDENT_ID)
);

-- Insert data into the Major table
INSERT INTO MAJOR VALUES ('CSE', 1);
INSERT INTO MAJOR VALUES ('CSE', 2);
INSERT INTO MAJOR VALUES ('IT', 3);
INSERT INTO MAJOR VALUES ('IT', 4);
INSERT INTO MAJOR VALUES ('CMT', 5);
INSERT INTO MAJOR VALUES ('SE', 6);
INSERT INTO MAJOR VALUES ('CSE', 7);

-- Create the Courses table
CREATE TABLE COURSES (
    COURSE_NUMBER INT PRIMARY KEY,
    COURSE_CREDIT INT,
    COURSE_TITLE VARCHAR(40),
    UNIVERSITY_CODE INT FOREIGN KEY REFERENCES UNIVERSITY(UNIVERSITY_CODE)
);

-- Insert data into the Courses table
INSERT INTO COURSES VALUES (111, 3, 'DSP', 82);
INSERT INTO COURSES VALUES (112, 3, 'NLP', 83);
INSERT INTO COURSES VALUES (113, 3, 'ABD', 84);
INSERT INTO COURSES VALUES (114, 3, 'DIC', 85);
INSERT INTO COURSES VALUES (115, 3, 'DV', 86);
INSERT INTO COURSES VALUES (116, 3, 'CA', 87);
INSERT INTO COURSES VALUES (117, 3, 'IFT', 88);

-- Create the Login table
CREATE TABLE LOGIN (
    ID INT PRIMARY KEY,
    EMAIL VARCHAR(30),
    PASSWORD VARCHAR(30)
);

-- Insert data into the Login table
INSERT INTO LOGIN VALUES (1, 'Likky@gmail.com', 'Password');
INSERT INTO LOGIN VALUES (2, 'Sharu@gmail.com', 'Password');
INSERT INTO LOGIN VALUES (3, 'Yash@gmail.com', 'Password');
INSERT INTO LOGIN VALUES (4, 'Viswa@gmail.com', 'Password');
INSERT INTO LOGIN VALUES (5, 'Geet@gmail.com', 'Password');
INSERT INTO LOGIN VALUES (6, 'Vivek@gmail.com', 'Password');
INSERT INTO LOGIN VALUES (7, 'Para@gmail.com', 'Password');
